{
 "members": [
  "m3",
  "kimi",
  "deepseek",
  "gemma4",
  "glm"
 ],
 "n_tasks_total": 100,
 "n_complete_tasks": 100,
 "n_sonnet_rows": 2739,
 "n_sonnet_cells": 192,
 "n_sonnet_complete": 192,
 "raw_corr": {
  "m3": {
   "m3": 1.0,
   "kimi": 0.5561338289098199,
   "deepseek": 0.4653502626720622,
   "gemma4": 0.5641528768223262,
   "glm": 0.6523291682281442
  },
  "kimi": {
   "m3": 0.5561338289098199,
   "kimi": 1.0,
   "deepseek": 0.7118251776138153,
   "gemma4": 0.4920142902784638,
   "glm": 0.48207676907252206
  },
  "deepseek": {
   "m3": 0.4653502626720622,
   "kimi": 0.7118251776138153,
   "deepseek": 1.0,
   "gemma4": 0.5115291209205667,
   "glm": 0.5130751983395619
  },
  "gemma4": {
   "m3": 0.5641528768223262,
   "kimi": 0.4920142902784638,
   "deepseek": 0.5115291209205667,
   "gemma4": 1.0,
   "glm": 0.6557850690963446
  },
  "glm": {
   "m3": 0.6523291682281442,
   "kimi": 0.48207676907252206,
   "deepseek": 0.5130751983395619,
   "gemma4": 0.6557850690963446,
   "glm": 1.0
  }
 },
 "mean_offdiag_corr": {
  "m3": 0.5594915341580882,
  "kimi": 0.5605125164686553,
  "deepseek": 0.5504449398865016,
  "gemma4": 0.5558703392794253,
  "glm": 0.5758165511841432
 },
 "resid_corr_loo": {
  "m3": {
   "m3": 1.0,
   "kimi": -0.39249913641438394,
   "deepseek": -0.5120305937451363,
   "gemma4": 0.024185529754587567,
   "glm": 0.14734064805084887
  },
  "kimi": {
   "m3": -0.39249913641438394,
   "kimi": 1.0,
   "deepseek": 0.1184732508287582,
   "gemma4": -0.5227273980673917,
   "glm": -0.5791059226071195
  },
  "deepseek": {
   "m3": -0.5120305937451363,
   "kimi": 0.1184732508287582,
   "deepseek": 1.0,
   "gemma4": -0.3948113765055462,
   "glm": -0.433344193615724
  },
  "gemma4": {
   "m3": 0.024185529754587567,
   "kimi": -0.5227273980673917,
   "deepseek": -0.3948113765055462,
   "gemma4": 1.0,
   "glm": 0.13210270663924842
  },
  "glm": {
   "m3": 0.14734064805084887,
   "kimi": -0.5791059226071195,
   "deepseek": -0.433344193615724,
   "gemma4": 0.13210270663924842,
   "glm": 1.0
  }
 },
 "resid_offdiag_loo": {
  "m3": -0.18325088808852094,
  "kimi": -0.34396480156503423,
  "deepseek": -0.30542822825941207,
  "gemma4": -0.19031263454477548,
  "glm": -0.18325169038318656
 },
 "member_mean_score": {
  "m3": 65.22476454854949,
  "kimi": 45.34286828971706,
  "deepseek": 57.90495520457952,
  "gemma4": 35.295373120159056,
  "glm": 64.52947744065021
 },
 "calibration": {
  "m3": {
   "gemini_n": 62,
   "gemini_mean": 66.0583759758859,
   "sonnet_n": 38,
   "sonnet_mean": 63.8646616934217
  },
  "kimi": {
   "gemini_n": 64,
   "gemini_mean": 48.37541044231858,
   "sonnet_n": 36,
   "sonnet_mean": 39.95168224064769
  },
  "deepseek": {
   "gemini_n": 63,
   "gemini_mean": 61.02407173390113,
   "sonnet_n": 37,
   "sonnet_mean": 52.594027060058934
  },
  "gemma4": {
   "gemini_n": 62,
   "gemini_mean": 34.83079821575774,
   "sonnet_n": 38,
   "sonnet_mean": 36.05336375365595
  },
  "glm": {
   "gemini_n": 57,
   "gemini_mean": 63.41105541755699,
   "sonnet_n": 43,
   "sonnet_mean": 66.01203686661097
  }
 }
}